{
 "schema": 1,
 "timestamp": "2026-07-17T15:51:28+00:00",
 "fingerprint": {
  "hostname": "Mushu",
  "os": "Windows 11",
  "python": "3.12.13",
  "torch": "2.11.0+cu128",
  "device_type": "cuda",
  "cpu": "Intel64 Family 6 Model 186 Stepping 2, GenuineIntel",
  "cpu_cores_logical": 20,
  "ram_gb": 63.8,
  "cpu_cores_physical": 14,
  "power_plugged": true,
  "battery_percent": 100,
  "power_plan": "Balanced",
  "gpu": "NVIDIA RTX 2000 Ada Generation Laptop GPU",
  "gpu_sm": "sm_89",
  "gpu_vram_gb": 8.0,
  "gpu_sm_count": 24,
  "cuda": "12.8",
  "driver": "596.59",
  "gpu_power_default_w": 60.0,
  "gpu_power_max_w": 80.0,
  "gpu_max_clock_mhz": 3105.0,
  "backend_flags": {
   "float32_matmul_precision": "high",
   "cudnn_benchmark": true,
   "cudnn_deterministic": false,
   "matmul_tf32": true,
   "cudnn_tf32": true
  }
 },
 "probes": {
  "matmul_tflops": {
   "gemm_n": 4096,
   "fp16": 42.918692684697064,
   "bf16": 46.263642580497255,
   "tf32": 20.22577900662838,
   "fp32": 6.742728893276393
  },
  "sustained": {
   "dtype": "float16",
   "burst_tflops": 42.95290308768401,
   "sustained_tflops": 40.7431198504884,
   "sustained_min_tflops": 40.6344358601731,
   "sustained_max_tflops": 40.899699224900004
  },
  "membw": {
   "tensor_mb": 256,
   "copy_gbps": 221.64377255758984,
   "triad_gbps": 228.18888877795794
  },
  "launch_overhead_us": 4.2787899990798905,
  "h2d": {
   "size_mb": 256,
   "pinned_gbps": 11.923141253014522,
   "pageable_gbps": 7.050765001481006,
   "small_1mb_ms": 0.09656999995058868
  },
  "cpu": {
   "python_loop_mops": 17.966565658072827,
   "torch_fp32_gflops": 443.47347854682255,
   "torch_threads": 14
  }
 },
 "workload": {
  "name": "resnet18-cifar100-bf16cl",
  "n_train": 50000,
  "n_val": 10000,
  "batch_size": 512,
  "epochs": 40,
  "drop_last": true,
  "evals_per_epoch": 1,
  "steps_per_epoch": 97,
  "params": 11220132,
  "fwd_flops_per_img": 1110937600.0,
  "train_flops_per_img": 3329273856.0,
  "flops_per_step": 1704588214272.0,
  "total_train_flops": 6613802271375360.0
 },
 "calibration": {
  "t_step_s": 0.08373040999964966,
  "t_step_min_s": 0.08345844295793557,
  "t_step_max_s": 0.09209891000015584,
  "window_means_s": [
   0.08365985333318046,
   0.08373040999964966,
   0.09209891000015584
  ],
  "warmup_s": 8.7222344000038,
  "soak_block_rates": [
   11.89433664137388,
   11.90862644660123,
   11.904096069598522,
   11.905277284729921,
   11.91205246307026,
   11.916333675234894
  ],
  "soak_converged": true,
  "soak_steps": 1362,
  "backend_flags": {
   "float32_matmul_precision": "high",
   "cudnn_benchmark": true,
   "cudnn_deterministic": false,
   "matmul_tf32": true,
   "cudnn_tf32": true
  },
  "t_eval_s": 0.7693959000025643,
  "peak_vram_gb": 1.6613030433654785
 },
 "prediction": {
  "t_step_s": 0.08373040999964966,
  "epoch_s": 8.891245669968582,
  "total_s": 371.8601488987576,
  "total_human": "6.2 min",
  "throughput_img_s": 5585.719014349931,
  "mfu": 0.49966851205910234,
  "t_startup_s": 16.21032210001431
 },
 "actual_total_s": 359.3,
 "notes": "synthetic-data calibration; step recipe = cifar100_hf_train.ipynb section 4 | actual attached post-run: 359.3s epochs-total, same session as calibration -> -1.2% error"
}